{
  "val_spearman": 0.846471968777849,
  "test_mae": 1.3254390135952268,
  "test_rmse": 1.8687503556153178,
  "test_spearman": 0.8407425354277441
}