{
  "val_spearman": 0.8496965586744984,
  "test_mae": 1.31194007396698,
  "test_rmse": 1.8417513084236097,
  "test_spearman": 0.8457670884061625
}