{
  "val_spearman": 0.3699936873822109,
  "test_mae": 2.6082491874694824,
  "test_rmse": 3.264155737246915,
  "test_spearman": 0.3588237685960923
}