{
  "val_spearman": 0.3675088152831622,
  "test_mae": 2.6059420108795166,
  "test_rmse": 3.2624525512518834,
  "test_spearman": 0.358147056675242
}