{
  "val_spearman": 0.8498434307253853,
  "test_mae": 1.3104185435616897,
  "test_rmse": 1.8424363097222571,
  "test_spearman": 0.846105890686391
}