{
  "val_spearman": 0.8469185866303666,
  "test_mae": 1.3208822011947632,
  "test_rmse": 1.859128663230195,
  "test_spearman": 0.8431149786143137
}